Key Alice,,,,,,,,,,Key Bob,,,,,,,,,,Time protocol,Time step 1 - Alice,Time step 1 - Bob,Time step 2,Time step 3,Total attack time
1,-1,-2,-3,-2,3,-2,-3,2,-2,-3,1,3,3,-2,2,-1,-2,3,-2,97.16007089614868,132.11616897583008,148.05185103416443,109.3813591003418,7.2187180519104,396.7680971622467
