Key Alice,,,,,,,,,,Key Bob,,,,,,,,,,Time protocol,Time step 1 - Alice,Time step 1 - Bob,Time step 2,Time step 3,Total attack time
-2,-3,2,3,-2,0,-2,0,2,0,2,0,3,-2,-1,0,-3,-3,-2,0,85.71878790855408,145.78911209106445,143.33333778381348,82.21968722343445,6.896333932876587,378.23847103118896
2,3,-3,1,-1,-1,3,-1,-3,3,2,-1,2,1,0,-3,0,-3,2,1,90.3339490890503,139.0922360420227,140.83477306365967,128.70269799232483,8.159013986587524,416.7887210845947
-1,3,-3,1,3,3,2,1,-3,2,2,2,-3,0,0,-3,-2,-1,-3,1,91.44817280769348,147.0195939540863,135.14402604103088,131.99056792259216,4.608337163925171,418.7625250816345
1,-1,1,1,0,0,3,-3,0,2,2,-3,-1,1,0,-3,-1,-1,-2,3,84.12510514259338,137.55778312683105,146.57281875610352,121.56855702400208,6.826455116271973,412.5256140232086
-2,0,1,-3,-1,3,-1,3,3,2,-2,1,-2,2,-2,1,-3,-3,1,-2,92.26007604598999,141.5645670890808,143.05371403694153,117.0895459651947,8.3680260181427,410.07585310935974
